Country Name,Sex,Indicator,1997,1998,1999,2000,2001,2002,2003,2004,2005,2006,2007,2008,2009,2010,2011,2012,2013,2014,2015,2016,2017,2018
Afghanistan,female,Proportion of seats held by women in national parliaments (%),NaN,NaN,NaN,NaN,NaN,NaN,NaN,NaN,27.3,27.3,27.7,27.7,27.3,27.7,27.7,27.7,27.7,27.7,27.7,27.7,27.7,27.7
Afghanistan,female,Proportion of women in ministerial level positions (%),NaN,NaN,NaN,NaN,NaN,NaN,NaN,NaN,10,NaN,NaN,3.7,NaN,7.4,NaN,12,NaN,11.1,10,16.7,NaN,16.1
Albania,female,Proportion of seats held by women in national parliaments (%),NaN,NaN,5.2,5.2,5.7,5.7,5.7,6.4,7.1,7.1,7.1,7.1,16.4,16.4,15.7,15.7,17.9,20,20.7,22.9,27.9,27.9
Albania,female,Proportion of women in ministerial level positions (%),NaN,NaN,NaN,NaN,NaN,NaN,NaN,NaN,5.3,NaN,NaN,6.7,NaN,6.7,NaN,6.7,NaN,30,35,40,NaN,53.3
Algeria,female,Proportion of seats held by women in national parliaments (%),3.2,3.2,3.2,3.4,3.4,6.2,6.2,6.2,6.2,6.2,7.7,7.7,7.7,7.7,8,31.6,31.6,31.6,31.6,31.6,25.8,25.8
Algeria,female,Proportion of women in ministerial level positions (%),NaN,NaN,NaN,NaN,NaN,NaN,NaN,NaN,10.5,NaN,NaN,10.8,NaN,3.6,NaN,3.1,NaN,12.1,20,13.3,NaN,13.3
Angola,female,Proportion of seats held by women in national parliaments (%),9.5,15.5,15.5,15.5,15.5,15.5,15.5,15,15,15,15,37.3,38.6,38.6,38.2,34.1,34.1,36.8,36.8,36.8,38.2,30.5
Angola,female,Proportion of women in ministerial level positions (%),NaN,NaN,NaN,NaN,NaN,NaN,NaN,NaN,5.7,NaN,NaN,6.3,NaN,27.8,NaN,29,NaN,19.4,22.2,22.2,NaN,34.4
Argentina,female,Proportion of seats held by women in national parliaments (%),27.6,27.6,NaN,26.5,NaN,30.7,30.7,33.7,36.2,35,40,40,38.5,38.5,37.4,37.4,NaN,36.6,NaN,35.8,38.9,38.9
Argentina,female,Proportion of women in ministerial level positions (%),NaN,NaN,NaN,NaN,NaN,NaN,NaN,NaN,8.3,NaN,NaN,23.1,NaN,20,NaN,17.6,NaN,17.6,22.2,17.4,NaN,25
Armenia,female,Proportion of seats held by women in national parliaments (%),6.3,6.3,3.1,3.1,3.1,3.1,4.6,5.3,5.3,5.3,9.2,8.4,9.2,9.2,8.4,10.7,10.7,10.7,10.7,10.7,18.1,18.1
Armenia,female,Proportion of women in ministerial level positions (%),NaN,NaN,NaN,NaN,NaN,NaN,NaN,NaN,0,NaN,NaN,5.9,NaN,11.1,NaN,10.5,NaN,11.1,11.1,11.1,NaN,7.1
Aruba,female,Proportion of seats held by women in national parliaments (%),NaN,NaN,NaN,NaN,NaN,NaN,NaN,NaN,NaN,NaN,NaN,NaN,NaN,NaN,NaN,NaN,NaN,NaN,NaN,NaN,NaN,NaN
Aruba,female,Proportion of women in ministerial level positions (%),NaN,NaN,NaN,NaN,NaN,NaN,NaN,NaN,NaN,NaN,NaN,NaN,NaN,NaN,NaN,NaN,NaN,NaN,NaN,NaN,NaN,NaN
Azerbaijan,female,Proportion of seats held by women in national parliaments (%),12,12,12,NaN,10.5,10.5,10.5,10.5,13,11.3,11.4,11.4,11.4,16,16,16,16,15.6,16.9,16.8,16.8,16.8
Azerbaijan,female,Proportion of women in ministerial level positions (%),NaN,NaN,NaN,NaN,NaN,NaN,NaN,NaN,15,NaN,NaN,6.7,NaN,2.9,NaN,2.9,NaN,2.8,2.5,0,NaN,NaN
Bahrain,female,Proportion of seats held by women in national parliaments (%),NaN,NaN,NaN,NaN,NaN,NaN,0,0,0,2.5,2.5,2.5,2.5,2.5,10,10,10,7.5,7.5,7.5,7.5,7.5
Bahrain,female,Proportion of women in ministerial level positions (%),NaN,NaN,NaN,NaN,NaN,NaN,NaN,NaN,8.7,NaN,NaN,4.3,NaN,10.7,NaN,11.5,NaN,14.8,4.5,4.5,NaN,4.3
Bangladesh,female,Proportion of seats held by women in national parliaments (%),9.1,9.1,9.1,9.1,NaN,2,2,2,14.8,15.1,NaN,6.3,18.6,18.6,19.7,19.7,19.7,19.8,20,20,20.3,20.3
Bangladesh,female,Proportion of women in ministerial level positions (%),NaN,NaN,NaN,NaN,NaN,NaN,NaN,NaN,8.3,NaN,NaN,8.3,NaN,16,NaN,14.3,NaN,6.7,6.7,6.3,NaN,8
Barbados,female,Proportion of seats held by women in national parliaments (%),10.7,10.7,10.7,10.7,10.7,10.7,13.3,13.3,13.3,13.3,13.3,10,10,10,10,10,16.7,16.7,16.7,16.7,16.7,20
Barbados,female,Proportion of women in ministerial level positions (%),NaN,NaN,NaN,NaN,NaN,NaN,NaN,NaN,29.4,NaN,NaN,27.8,NaN,5.6,NaN,11.8,NaN,11.8,11.8,11.8,NaN,23.8
Belarus,female,Proportion of seats held by women in national parliaments (%),NaN,NaN,NaN,NaN,10.3,10.3,10.3,29.4,29.1,29.1,29.1,31.8,31.8,31.8,31.8,26.6,26.6,26.6,27.3,34.5,34.5,34.5
Belarus,female,Proportion of women in ministerial level positions (%),NaN,NaN,NaN,NaN,NaN,NaN,NaN,NaN,10,NaN,NaN,6.5,NaN,3.2,NaN,3.4,NaN,3.4,10.7,3.6,NaN,3.4
Belize,female,Proportion of seats held by women in national parliaments (%),3.4,3.4,6.9,6.9,6.9,6.9,3.3,6.7,6.7,6.7,3.3,0,0,0,0,3.1,3.1,3.1,3.1,3.1,9.4,9.4
Belize,female,Proportion of women in ministerial level positions (%),NaN,NaN,NaN,NaN,NaN,NaN,NaN,NaN,6.3,NaN,NaN,18.2,NaN,0,NaN,0,NaN,13.3,13.3,0,NaN,NaN
Benin,female,Proportion of seats held by women in national parliaments (%),7.2,7.2,6,6,6,6,6,7.2,7.2,7.2,10.8,10.8,10.8,10.8,8.4,8.4,8.4,8.4,7.2,7.2,7.2,7.2
Benin,female,Proportion of women in ministerial level positions (%),NaN,NaN,NaN,NaN,NaN,NaN,NaN,NaN,19,NaN,NaN,22.2,NaN,13.3,NaN,30.8,NaN,22.2,14.8,14.3,NaN,NaN
Bhutan,female,Proportion of seats held by women in national parliaments (%),2,2,2,9.3,9.3,9.3,9.3,9.2,9.3,2.7,2.7,8.5,8.5,8.5,8.5,8.5,6.4,8.5,8.5,8.5,8.5,8.5
Bhutan,female,Proportion of women in ministerial level positions (%),NaN,NaN,NaN,NaN,NaN,NaN,NaN,NaN,0,NaN,NaN,0,NaN,0,NaN,0,NaN,10,10,10,NaN,NaN
Bolivia,female,Proportion of seats held by women in national parliaments (%),NaN,NaN,11.5,11.5,11.5,18.5,18.5,19.2,16.9,16.9,16.9,16.9,22.3,25.4,25.4,25.4,25.4,53.1,53.1,53.1,53.1,53.1
Bolivia,female,Proportion of women in ministerial level positions (%),NaN,NaN,NaN,NaN,NaN,NaN,NaN,NaN,6.7,NaN,NaN,23.5,NaN,20,NaN,45.5,NaN,33.3,28.6,27.3,NaN,NaN
Bosnia and Herzegovina,female,Proportion of seats held by women in national parliaments (%),NaN,NaN,NaN,NaN,7.1,NaN,16.7,16.7,16.7,14.3,11.9,11.9,19,16.7,21.4,21.4,21.4,21.4,21.4,21.4,21.4,21.4
Bosnia and Herzegovina,female,Proportion of women in ministerial level positions (%),NaN,NaN,NaN,NaN,NaN,NaN,NaN,NaN,11.1,NaN,NaN,0,NaN,0,NaN,6.3,NaN,0,0,22.2,NaN,NaN
Botswana,female,Proportion of seats held by women in national parliaments (%),8.5,8.5,NaN,17,17,17,17,11.1,11.1,11.1,11.1,11.1,7.9,7.9,7.9,7.9,7.9,9.5,9.5,9.5,9.5,9.5
Botswana,female,Proportion of women in ministerial level positions (%),NaN,NaN,NaN,NaN,NaN,NaN,NaN,NaN,26.7,NaN,NaN,27.8,NaN,11.8,NaN,NaN,NaN,12.5,12.5,15.8,NaN,NaN
Brazil,female,Proportion of seats held by women in national parliaments (%),6.6,6.6,5.7,5.7,6.8,6.2,8.6,8.6,8.6,8.8,9,9,8.8,8.6,8.6,8.6,8.6,9.9,9.9,9.9,10.7,10.7
Brazil,female,Proportion of women in ministerial level positions (%),NaN,NaN,NaN,NaN,NaN,NaN,NaN,NaN,11.4,NaN,NaN,11.4,NaN,7.1,NaN,27,NaN,25.6,15.4,4,NaN,NaN
Brunei Darussalam,female,Proportion of seats held by women in national parliaments (%),NaN,NaN,NaN,NaN,NaN,NaN,NaN,NaN,NaN,NaN,NaN,NaN,NaN,NaN,NaN,NaN,NaN,NaN,NaN,6.5,9.1,9.1
Brunei Darussalam,female,Proportion of women in ministerial level positions (%),NaN,NaN,NaN,NaN,NaN,NaN,NaN,NaN,9.1,NaN,NaN,7.1,NaN,0,NaN,0,NaN,0,0,0,NaN,NaN
Bulgaria,female,Proportion of seats held by women in national parliaments (%),10.8,10.8,10.8,10.8,26.2,26.2,26.2,26.3,22.1,22.1,21.7,21.7,20.8,20.8,20.8,22.9,24.6,20,20.4,20.4,23.8,23.8
Bulgaria,female,Proportion of women in ministerial level positions (%),NaN,NaN,NaN,NaN,NaN,NaN,NaN,NaN,23.8,NaN,NaN,23.5,NaN,17.6,NaN,18.8,NaN,41.2,35,52.9,NaN,NaN
Burkina Faso,female,Proportion of seats held by women in national parliaments (%),9,8.1,8.1,8.1,8.1,11.7,11.7,11.7,11.7,11.7,15.3,15.3,15.3,15.3,15.3,15.7,15.7,18.9,9.4,9.4,11,11
Burkina Faso,female,Proportion of women in ministerial level positions (%),NaN,NaN,NaN,NaN,NaN,NaN,NaN,NaN,14.8,NaN,NaN,14.3,NaN,17.9,NaN,12,NaN,13.8,12.5,13,NaN,NaN
Burundi,female,Proportion of seats held by women in national parliaments (%),NaN,11.9,6,14.4,14.4,18.4,18.4,18.4,30.5,30.5,30.5,30.5,31.4,32.1,30.5,30.5,30.5,30.5,36.4,36.4,36.4,36.4
Burundi,female,Proportion of women in ministerial level positions (%),NaN,NaN,NaN,NaN,NaN,NaN,NaN,NaN,10.7,NaN,NaN,29.6,NaN,28.6,NaN,34.8,NaN,36.4,34.8,22.7,NaN,NaN
Cabo Verde,female,Proportion of seats held by women in national parliaments (%),11.1,11.1,11.1,11.1,11.1,11.1,11.1,11.1,11.1,15.3,18.1,18.1,18.1,18.1,20.8,20.8,20.8,20.8,20.8,23.6,23.6,23.6
Cabo Verde,female,Proportion of women in ministerial level positions (%),NaN,NaN,NaN,NaN,NaN,NaN,NaN,NaN,18.8,NaN,NaN,35.7,NaN,53.3,NaN,47.1,NaN,47.1,52.9,25,NaN,NaN
Cambodia,female,Proportion of seats held by women in national parliaments (%),5.8,5.8,8.2,7.4,7.4,7.4,9.8,9.8,9.8,9.8,19.5,16.3,21.1,21.1,20.3,20.3,20.3,20.3,20.3,20.3,20.3,20
Cambodia,female,Proportion of women in ministerial level positions (%),NaN,NaN,NaN,NaN,NaN,NaN,NaN,NaN,7.1,NaN,NaN,6.9,NaN,9.7,NaN,4.9,NaN,4.7,7,9.1,NaN,NaN
Cameroon,female,Proportion of seats held by women in national parliaments (%),5.6,5.6,5.6,5.6,5.6,8.9,8.9,8.9,8.9,8.9,13.9,13.9,13.9,13.9,13.9,13.9,31.1,31.1,31.1,31.1,31.1,31.1
Cameroon,female,Proportion of women in ministerial level positions (%),NaN,NaN,NaN,NaN,NaN,NaN,NaN,NaN,11.1,NaN,NaN,11.6,NaN,11.8,NaN,14,NaN,14.9,14,17.1,NaN,NaN
Central African Republic,female,Proportion of seats held by women in national parliaments (%),3.5,3.5,7.3,7.3,7.3,7.3,NaN,NaN,10.5,10.5,10.5,10.5,9.6,9.6,12.5,12.5,NaN,NaN,NaN,7.2,8.6,8.6
Central African Republic,female,Proportion of women in ministerial level positions (%),NaN,NaN,NaN,NaN,NaN,NaN,NaN,NaN,10,NaN,NaN,12.5,NaN,12,NaN,20.7,NaN,NaN,24.1,17.4,NaN,NaN
Chad,female,Proportion of seats held by women in national parliaments (%),2.4,2.4,2.4,2.4,2.4,NaN,5.8,6.5,6.5,6.5,5.2,5.2,5.2,5.2,12.8,14.9,14.9,14.9,14.9,14.9,12.8,15.3
Chad,female,Proportion of women in ministerial level positions (%),NaN,NaN,NaN,NaN,NaN,NaN,NaN,NaN,11.5,NaN,NaN,17.2,NaN,6.9,NaN,12.1,NaN,15.2,13.6,14.3,NaN,NaN
Chile,female,Proportion of seats held by women in national parliaments (%),7.5,10.8,10.8,10.8,10.8,12.5,12.5,12.5,15,15,15,15,14.2,14.2,14.2,14.2,14.2,15.8,15.8,15.8,15.8,22.6
Chile,female,Proportion of women in ministerial level positions (%),NaN,NaN,NaN,NaN,NaN,NaN,NaN,NaN,16.7,NaN,NaN,40.9,NaN,45.5,NaN,18.2,NaN,39.1,34.8,34.8,NaN,NaN
China,female,Proportion of seats held by women in national parliaments (%),NaN,21.8,21.8,21.8,21.8,21.8,20.2,20.2,20.3,20.3,20.6,21.3,21.3,21.3,21.3,21.3,23.4,23.4,23.6,23.6,24.2,24.9
China,female,Proportion of women in ministerial level positions (%),NaN,NaN,NaN,NaN,NaN,NaN,NaN,NaN,6.3,NaN,NaN,8.6,NaN,11.5,NaN,11.5,NaN,8.3,11.5,10,NaN,NaN
Colombia,female,Proportion of seats held by women in national parliaments (%),11.7,NaN,11.8,11.8,11.8,12,12,12,12.1,8.4,8.4,8.4,8.4,12.7,12.1,12.1,12.1,19.9,19.9,19.9,18.7,18.1
Colombia,female,Proportion of women in ministerial level positions (%),NaN,NaN,NaN,NaN,NaN,NaN,NaN,NaN,35.7,NaN,NaN,23.1,NaN,21.4,NaN,33.3,NaN,31.3,29.4,35.3,NaN,NaN
Comoros,female,Proportion of seats held by women in national parliaments (%),0,0,NaN,NaN,NaN,NaN,NaN,3,3,3,3,3,0,3,3,3,3,3,3,3,6.1,6.1
Comoros,female,Proportion of women in ministerial level positions (%),NaN,NaN,NaN,NaN,NaN,NaN,NaN,NaN,NaN,NaN,NaN,NaN,NaN,0,NaN,20,NaN,20,20,0,NaN,NaN
"Congo, Dem. Rep.",female,Proportion of seats held by women in national parliaments (%),NaN,NaN,NaN,NaN,NaN,NaN,NaN,12,12,8.4,8.4,8.4,8.4,8.4,NaN,8.9,8.9,10.6,8.9,8.9,8.9,8.9
"Congo, Dem. Rep.",female,Proportion of women in ministerial level positions (%),NaN,NaN,NaN,NaN,NaN,NaN,NaN,NaN,12.5,NaN,NaN,12.1,NaN,12.5,NaN,NaN,NaN,10.3,8.1,11.6,NaN,NaN
"Congo, Rep.",female,Proportion of seats held by women in national parliaments (%),NaN,12,12,12,12,NaN,8.5,8.5,8.5,8.5,7.3,7.3,7.3,7.3,7.3,7.4,7.4,7.4,7.4,7.4,11.3,11.3
"Congo, Rep.",female,Proportion of women in ministerial level positions (%),NaN,NaN,NaN,NaN,NaN,NaN,NaN,NaN,14.7,NaN,NaN,13.2,NaN,13.5,NaN,13.5,NaN,10.5,10.5,22.9,NaN,NaN
Costa Rica,female,Proportion of seats held by women in national parliaments (%),15.8,19.3,19.3,19.3,19.3,35.1,35.1,35.1,35.1,38.6,36.8,36.8,36.8,38.6,38.6,38.6,38.6,33.3,33.3,33.3,35.1,45.6
Costa Rica,female,Proportion of women in ministerial level positions (%),NaN,NaN,NaN,NaN,NaN,NaN,NaN,NaN,25,NaN,NaN,29.4,NaN,35,NaN,29.2,NaN,25,40.9,30.4,NaN,NaN
Cote d'Ivoire,female,Proportion of seats held by women in national parliaments (%),8,8,8,NaN,8.5,8.5,8.5,8.5,8.5,8.5,8.9,8.9,8.9,8.9,11,10.4,10.4,9.4,9.2,9.2,10.6,10.6
Cote d'Ivoire,female,Proportion of women in ministerial level positions (%),NaN,NaN,NaN,NaN,NaN,NaN,NaN,NaN,17.1,NaN,NaN,12.5,NaN,12.5,NaN,13.9,NaN,15.6,16.7,20.9,NaN,NaN
Croatia,female,Proportion of seats held by women in national parliaments (%),7.9,7.9,7.9,20.5,20.5,20.5,NaN,21.7,21.7,21.7,20.9,20.9,23.5,23.5,23.8,23.8,23.8,23.8,15.2,12.6,18.5,18.5
Croatia,female,Proportion of women in ministerial level positions (%),NaN,NaN,NaN,NaN,NaN,NaN,NaN,NaN,33.3,NaN,NaN,23.5,NaN,15.8,NaN,19.2,NaN,20,20,20,NaN,NaN
Cuba,female,Proportion of seats held by women in national parliaments (%),22.8,27.6,27.6,27.6,27.6,27.6,36,36,36,36,36,43.2,43.2,43.2,45.2,45.2,48.9,48.9,48.9,48.9,48.9,53.2
Cuba,female,Proportion of women in ministerial level positions (%),NaN,NaN,NaN,NaN,NaN,NaN,NaN,NaN,16.2,NaN,NaN,18.8,NaN,25,NaN,22.6,NaN,22.6,31,25.9,NaN,NaN
Cyprus,female,Proportion of seats held by women in national parliaments (%),5.4,5.4,5.4,7.1,10.7,10.7,10.7,16.1,16.1,14.3,14.3,14.3,12.5,12.5,10.7,10.7,10.7,12.5,12.5,17.9,17.9,17.9
Cyprus,female,Proportion of women in ministerial level positions (%),NaN,NaN,NaN,NaN,NaN,NaN,NaN,NaN,0,NaN,NaN,18.2,NaN,9.1,NaN,27.3,NaN,9.1,9.1,9.1,NaN,NaN
Democratic People's Republic of Korea,female,Proportion of seats held by women in national parliaments (%),NaN,NaN,NaN,NaN,NaN,NaN,NaN,NaN,NaN,NaN,NaN,NaN,NaN,NaN,NaN,NaN,NaN,NaN,NaN,NaN,NaN,NaN
Democratic People's Republic of Korea,female,Proportion of women in ministerial level positions (%),NaN,NaN,NaN,NaN,NaN,NaN,NaN,NaN,NaN,NaN,NaN,NaN,NaN,NaN,NaN,NaN,NaN,NaN,NaN,NaN,NaN,NaN
Dominican Republic,female,Proportion of seats held by women in national parliaments (%),11.7,16.1,16.1,16.1,16.1,17.3,17.3,17.3,17.3,19.7,19.7,19.7,19.7,20.8,20.8,20.8,20.8,20.8,20.8,26.8,26.8,26.8
Dominican Republic,female,Proportion of women in ministerial level positions (%),NaN,NaN,NaN,NaN,NaN,NaN,NaN,NaN,14.3,NaN,NaN,14.5,NaN,8.7,NaN,13,NaN,16,19.2,20.8,NaN,NaN
Ecuador,female,Proportion of seats held by women in national parliaments (%),3.7,17.4,17.4,14.6,14.6,NaN,16,16,16,25,25,25,32.3,32.3,32.3,32.3,38.7,41.6,41.6,41.6,38,38
Ecuador,female,Proportion of women in ministerial level positions (%),NaN,NaN,NaN,NaN,NaN,NaN,NaN,NaN,14.3,NaN,NaN,35.3,NaN,32.5,NaN,40,NaN,22.2,23.7,27.5,NaN,NaN
"Egypt, Arab Rep.",female,Proportion of seats held by women in national parliaments (%),2,2,2,2,2.4,2.4,2.4,2.9,2,2,1.8,1.8,1.8,12.7,2,2,NaN,NaN,NaN,14.9,14.9,14.9
"Egypt, Arab Rep.",female,Proportion of women in ministerial level positions (%),NaN,NaN,NaN,NaN,NaN,NaN,NaN,NaN,5.9,NaN,NaN,6.5,NaN,9.4,NaN,10.3,NaN,10.3,11.8,11.8,NaN,NaN
El Salvador,female,Proportion of seats held by women in national parliaments (%),15.5,16.7,16.7,9.5,9.5,9.5,10.7,10.7,10.7,16.7,16.7,16.7,19,19,19,26.2,26.2,27.4,32.1,32.1,32.1,31
El Salvador,female,Proportion of women in ministerial level positions (%),NaN,NaN,NaN,NaN,NaN,NaN,NaN,NaN,35.3,NaN,NaN,38.9,NaN,15.4,NaN,11.1,NaN,7.1,21.4,21.4,NaN,NaN
Equatorial Guinea,female,Proportion of seats held by women in national parliaments (%),8.8,8.8,5,5,5,5,5,18,18,18,18,6,10,10,10,10,12.1,24,24,24,24,20
Equatorial Guinea,female,Proportion of women in ministerial level positions (%),NaN,NaN,NaN,NaN,NaN,NaN,NaN,NaN,4.5,NaN,NaN,14,NaN,3.7,NaN,8.8,NaN,8.7,8.7,9.7,NaN,NaN
Eritrea,female,Proportion of seats held by women in national parliaments (%),21,21,14.7,14.7,14.7,22,22,22,22,22,22,22,22,22,22,22,22,22,22,22,22,22
Eritrea,female,Proportion of women in ministerial level positions (%),NaN,NaN,NaN,NaN,NaN,NaN,NaN,NaN,17.6,NaN,NaN,17.6,NaN,25,NaN,23.5,NaN,25,16.7,16.7,NaN,NaN
Estonia,female,Proportion of seats held by women in national parliaments (%),10.9,10.9,17.8,17.8,17.8,17.8,18.8,18.8,18.8,18.8,20.8,20.8,22.8,22.8,19.8,20.8,20.8,19,23.8,23.8,26.7,26.7
Estonia,female,Proportion of women in ministerial level positions (%),NaN,NaN,NaN,NaN,NaN,NaN,NaN,NaN,15.4,NaN,NaN,23.1,NaN,8.3,NaN,8.3,NaN,16.7,46.2,28.6,NaN,NaN
Eswatini,female,Proportion of seats held by women in national parliaments (%),3.1,3.1,3.1,3.1,3.1,3.1,10.8,10.8,10.8,10.8,10.8,13.8,13.6,13.6,13.6,13.6,6.2,6.2,6.2,6.2,6.2,7.2
Eswatini,female,Proportion of women in ministerial level positions (%),NaN,NaN,NaN,NaN,NaN,NaN,NaN,NaN,13.3,NaN,NaN,18.8,NaN,26.3,NaN,23.8,NaN,26.3,26.3,26.3,NaN,NaN
Ethiopia,female,Proportion of seats held by women in national parliaments (%),2,2,2,7.7,7.7,7.7,7.7,7.7,21.4,21.9,21.9,21.9,21.9,27.8,27.8,27.8,27.8,27.8,38.8,38.8,38.8,38.8
Ethiopia,female,Proportion of women in ministerial level positions (%),NaN,NaN,NaN,NaN,NaN,NaN,NaN,NaN,5.9,NaN,NaN,9.5,NaN,7.4,NaN,9.7,NaN,13,12.5,10,NaN,NaN
Fiji,female,Proportion of seats held by women in national parliaments (%),4.3,4.3,11.3,NaN,5.7,5.7,5.7,8.5,8.5,NaN,NaN,NaN,NaN,NaN,NaN,NaN,NaN,14,16,16,16,16
Fiji,female,Proportion of women in ministerial level positions (%),NaN,NaN,NaN,NaN,NaN,NaN,NaN,NaN,9.1,NaN,NaN,8.3,NaN,9.1,NaN,11.1,NaN,9.1,13.3,15.4,NaN,NaN
Gabon,female,Proportion of seats held by women in national parliaments (%),8.3,8.3,8.3,9.2,9.2,9.2,9.2,9.2,9.2,12.5,16.7,16.7,14.7,14.7,14.2,15.8,15.8,15,14.2,14.2,17.1,17.1
Gabon,female,Proportion of women in ministerial level positions (%),NaN,NaN,NaN,NaN,NaN,NaN,NaN,NaN,11.8,NaN,NaN,16.7,NaN,20.7,NaN,14.3,NaN,18.8,12.5,17.9,NaN,NaN
Gambia,female,Proportion of seats held by women in national parliaments (%),2,2,2,2,2,5.7,13.2,13.2,13.2,13.2,9.4,9.4,7.5,7.5,7.5,7.5,7.5,9.4,9.4,9.4,10.3,10.3
Gambia,female,Proportion of women in ministerial level positions (%),NaN,NaN,NaN,NaN,NaN,NaN,NaN,NaN,20,NaN,NaN,27.8,NaN,31.3,NaN,31.3,NaN,27.8,21.1,NaN,NaN,NaN
Georgia,female,Proportion of seats held by women in national parliaments (%),6.9,6.9,NaN,7.2,7.2,7.2,7.2,9.4,9.4,9.4,9.4,6,5.1,6.5,6.6,12,12,12,11.3,NaN,16,16
Georgia,female,Proportion of women in ministerial level positions (%),NaN,NaN,NaN,NaN,NaN,NaN,NaN,NaN,22.2,NaN,NaN,17.6,NaN,5.6,NaN,15.8,NaN,21.1,15.8,11.1,NaN,NaN
Ghana,female,Proportion of seats held by women in national parliaments (%),9,9,9,NaN,9,9,9,10.9,10.9,10.9,10.9,7.9,8.3,8.3,8.3,NaN,10.9,10.9,10.9,10.9,12.7,12.7
Ghana,female,Proportion of women in ministerial level positions (%),NaN,NaN,NaN,NaN,NaN,NaN,NaN,NaN,11.8,NaN,NaN,15.9,NaN,21.6,NaN,18.4,NaN,22.5,23.1,17.4,NaN,NaN
Greece,female,Proportion of seats held by women in national parliaments (%),6.3,6.3,6.3,8.7,8.7,8.7,8.7,14,13,13,14.7,14.7,17.3,17.3,18.7,21,21,21,19.7,19.7,18.3,18.7
Greece,female,Proportion of women in ministerial level positions (%),NaN,NaN,NaN,NaN,NaN,NaN,NaN,NaN,5.6,NaN,NaN,11.8,NaN,31.3,NaN,5.6,NaN,5.3,10,21.1,NaN,NaN
Grenada,female,Proportion of seats held by women in national parliaments (%),20,20,NaN,26.7,26.7,26.7,26.7,26.7,26.7,26.7,26.7,13.3,13.3,13.3,13.3,13.3,33.3,33.3,33.3,33.3,33.3,46.7
Grenada,female,Proportion of women in ministerial level positions (%),NaN,NaN,NaN,NaN,NaN,NaN,NaN,NaN,40,NaN,NaN,50,NaN,18.8,NaN,21.4,NaN,30.8,46.2,31.3,NaN,NaN
Guatemala,female,Proportion of seats held by women in national parliaments (%),12.5,12.5,7.1,8.8,8.8,8.8,8.2,8.2,8.2,8.2,12,12,12,12,13.3,13.3,13.3,13.3,13.9,13.9,12.7,12.7
Guatemala,female,Proportion of women in ministerial level positions (%),NaN,NaN,NaN,NaN,NaN,NaN,NaN,NaN,25,NaN,NaN,6.7,NaN,0,NaN,0,NaN,26.7,20,18.8,NaN,NaN
Guinea,female,Proportion of seats held by women in national parliaments (%),7,8.8,8.8,8.8,8.8,NaN,19.3,19.3,19.3,19.3,19.3,NaN,NaN,NaN,NaN,NaN,NaN,21.9,21.9,21.9,21.9,21.9
Guinea,female,Proportion of women in ministerial level positions (%),NaN,NaN,NaN,NaN,NaN,NaN,NaN,NaN,15.4,NaN,NaN,15.8,NaN,16.1,NaN,12.9,NaN,14.7,14.7,23.3,NaN,NaN
Guinea-Bissau,female,Proportion of seats held by women in national parliaments (%),10,10,NaN,7.8,7.8,7.8,NaN,14,14,14,14,10,10,10,10,14,14,13.7,13.7,13.7,13.7,13.7
Guinea-Bissau,female,Proportion of women in ministerial level positions (%),NaN,NaN,NaN,NaN,NaN,NaN,NaN,NaN,37.5,NaN,NaN,25,NaN,23.5,NaN,18.8,NaN,NaN,31.3,0,NaN,NaN
Guyana,female,Proportion of seats held by women in national parliaments (%),NaN,NaN,18.5,18.5,18.3,20,20,30.8,30.8,29,29,30,30,30,31.3,31.3,31.3,31.3,30.4,30.4,31.9,31.9
Guyana,female,Proportion of women in ministerial level positions (%),NaN,NaN,NaN,NaN,NaN,NaN,NaN,NaN,22.2,NaN,NaN,26.3,NaN,31.3,NaN,29.4,NaN,27.8,29.4,16.7,NaN,NaN
Haiti,female,Proportion of seats held by women in national parliaments (%),3.6,3.6,3.6,NaN,3.6,3.6,3.6,3.6,3.6,2,4.1,4.1,4.1,11.1,4.2,4.2,4.2,4.2,4.2,0,2.5,2.5
Haiti,female,Proportion of women in ministerial level positions (%),NaN,NaN,NaN,NaN,NaN,NaN,NaN,NaN,25,NaN,NaN,11.1,NaN,22.2,NaN,16.7,NaN,35,20,NaN,NaN,NaN
Honduras,female,Proportion of seats held by women in national parliaments (%),NaN,9.4,9.4,9.4,9.4,5.5,5.5,5.5,23.4,23.4,23.4,23.4,18,18,19.5,19.5,19.5,25.8,25.8,25.8,25.8,21.1
Honduras,female,Proportion of women in ministerial level positions (%),NaN,NaN,NaN,NaN,NaN,NaN,NaN,NaN,14.3,NaN,NaN,NaN,NaN,35.7,NaN,17.6,NaN,17.6,17.4,27.3,NaN,NaN
Hungary,female,Proportion of seats held by women in national parliaments (%),11.4,8.3,8.3,8.3,8.3,9.1,9.8,9.1,9.1,10.4,11.1,11.1,11.1,9.1,8.8,8.8,8.8,10.1,10.1,10.1,10.1,12.6
Hungary,female,Proportion of women in ministerial level positions (%),NaN,NaN,NaN,NaN,NaN,NaN,NaN,NaN,11.8,NaN,NaN,21.4,NaN,0,NaN,10,NaN,11.1,0,0,NaN,NaN
India,female,Proportion of seats held by women in national parliaments (%),7.2,8.1,8.4,9,8.8,8.8,8.8,8.3,8.3,8.3,9.1,9.1,10.8,10.8,11,11,11,11.4,12,12,11.8,11.8
India,female,Proportion of women in ministerial level positions (%),NaN,NaN,NaN,NaN,NaN,NaN,NaN,NaN,3.4,NaN,NaN,10.3,NaN,10,NaN,9.8,NaN,9.3,22.2,18.5,NaN,NaN
Indonesia,female,Proportion of seats held by women in national parliaments (%),11.4,11.4,NaN,8,8,8,8,11.3,11.3,11.3,11.6,11.6,17.9,18,18.2,18.6,18.6,16.9,17.1,17.1,19.8,19.8
Indonesia,female,Proportion of women in ministerial level positions (%),NaN,NaN,NaN,NaN,NaN,NaN,NaN,NaN,10.8,NaN,NaN,10.8,NaN,14.3,NaN,11.4,NaN,11.8,22.9,25.7,NaN,NaN
"Iran, Islamic Rep.",female,Proportion of seats held by women in national parliaments (%),4.9,4.9,4.9,3.4,3.4,4.1,4.1,4.1,4.1,4.1,4.1,2.8,2.8,2.8,2.8,3.1,3.1,3.1,3.1,5.9,5.9,5.9
"Iran, Islamic Rep.",female,Proportion of women in ministerial level positions (%),NaN,NaN,NaN,NaN,NaN,NaN,NaN,NaN,6.7,NaN,NaN,3.2,NaN,3,NaN,9.1,NaN,10,10,9.7,NaN,NaN
Iraq,female,Proportion of seats held by women in national parliaments (%),6.4,6.4,6.4,7.6,7.6,7.6,NaN,NaN,NaN,25.5,25.5,25.5,25.5,25.2,25.2,25.2,25.2,25.3,26.5,26.5,25.3,25.5
Iraq,female,Proportion of women in ministerial level positions (%),NaN,NaN,NaN,NaN,NaN,NaN,NaN,NaN,18.8,NaN,NaN,10.3,NaN,10.3,NaN,3.8,NaN,3.7,6.1,10.5,NaN,NaN
Italy,female,Proportion of seats held by women in national parliaments (%),11.1,11.1,11.1,11.1,9.8,9.8,11.5,11.5,11.5,17.3,17.3,21.3,21.3,21.3,21.6,21.4,31.4,31.4,31,31,31,35.7
Italy,female,Proportion of women in ministerial level positions (%),NaN,NaN,NaN,NaN,NaN,NaN,NaN,NaN,8.3,NaN,NaN,24,NaN,21.7,NaN,16.7,NaN,30,43.8,27.8,NaN,NaN
Jamaica,female,Proportion of seats held by women in national parliaments (%),11.7,13.6,13.3,13.3,13.3,NaN,11.7,11.7,11.7,11.7,13.3,13.3,13.3,13.3,12.7,12.7,12.7,12.7,12.7,17.5,17.5,17.5
Jamaica,female,Proportion of women in ministerial level positions (%),NaN,NaN,NaN,NaN,NaN,NaN,NaN,NaN,17.6,NaN,NaN,11.1,NaN,12.5,NaN,20,NaN,20,20,16.7,NaN,NaN
Jordan,female,Proportion of seats held by women in national parliaments (%),0,0,0,0,1.3,1.3,5.5,5.5,5.5,5.5,6.4,6.4,6.4,10.8,10.8,10.8,12.2,12,12,15.4,15.4,15.4
Jordan,female,Proportion of women in ministerial level positions (%),NaN,NaN,NaN,NaN,NaN,NaN,NaN,NaN,10.7,NaN,NaN,14.8,NaN,6.9,NaN,6.7,NaN,11.1,11.1,7.1,NaN,NaN
Kazakhstan,female,Proportion of seats held by women in national parliaments (%),13.4,13.4,10.8,10.4,10.4,10.4,10.4,10.4,10.4,10.4,15.9,15.9,17.8,17.8,17.8,24.3,24.3,25.2,26.2,27.1,27.1,27.1
Kazakhstan,female,Proportion of women in ministerial level positions (%),NaN,NaN,NaN,NaN,NaN,NaN,NaN,NaN,17.6,NaN,NaN,5.6,NaN,5,NaN,15.8,NaN,20,13.3,5.6,NaN,NaN
Kenya,female,Proportion of seats held by women in national parliaments (%),3,3.6,3.6,3.6,3.6,3.6,7.1,7.1,7.1,7.3,7.2,9.8,9.8,9.8,9.8,9.8,18.6,19.1,19.7,19.7,21.8,21.8
Kenya,female,Proportion of women in ministerial level positions (%),NaN,NaN,NaN,NaN,NaN,NaN,NaN,NaN,10.3,NaN,NaN,NaN,NaN,15,NaN,15.4,NaN,33.3,30,22.7,NaN,NaN
Kuwait,female,Proportion of seats held by women in national parliaments (%),0,0,0,0,0,0,0,0,1.5,1.5,1.5,3.1,7.7,7.7,7.7,6.2,6.2,1.5,1.5,1.5,3.1,3.1
Kuwait,female,Proportion of women in ministerial level positions (%),NaN,NaN,NaN,NaN,NaN,NaN,NaN,NaN,0,NaN,NaN,6.7,NaN,6.7,NaN,6.3,NaN,6.7,6.7,6.7,NaN,NaN
Kyrgyzstan,female,Proportion of seats held by women in national parliaments (%),1.4,1.4,1.4,2.3,10,10,10,10,0,0,25.6,25.6,25.6,23.3,23.3,23.3,23.3,23.3,19.2,19.2,19.2,19.2
Kyrgyzstan,female,Proportion of women in ministerial level positions (%),NaN,NaN,NaN,NaN,NaN,NaN,NaN,NaN,12.5,NaN,NaN,18.8,NaN,10,NaN,10.5,NaN,14.3,15,14.3,NaN,NaN
Lao People's Democratic Republic,female,Proportion of seats held by women in national parliaments (%),NaN,21.2,21.2,21.2,21.2,22.9,22.9,22.9,22.9,25.2,25.2,25.2,25.2,25.2,25,25,25,25,25,27.5,27.5,27.5
Lao People's Democratic Republic,female,Proportion of women in ministerial level positions (%),NaN,NaN,NaN,NaN,NaN,NaN,NaN,NaN,0,NaN,NaN,11.1,NaN,10.3,NaN,11.5,NaN,11.5,10.3,7.4,NaN,NaN
Latvia,female,Proportion of seats held by women in national parliaments (%),9,9,17,17,17,18,21,21,21,19,20,20,22,20,23,23,23,18,18,18,16,16
Latvia,female,Proportion of women in ministerial level positions (%),NaN,NaN,NaN,NaN,NaN,NaN,NaN,NaN,23.5,NaN,NaN,22.2,NaN,21.4,NaN,30.8,NaN,30.8,23.1,23.1,NaN,NaN
Lebanon,female,Proportion of seats held by women in national parliaments (%),2.3,2.3,2.3,2.3,2.3,2.3,2.3,2.3,4.7,4.7,4.7,4.7,3.1,3.1,3.1,3.1,3.1,3.1,3.1,3.1,3.1,4.7
Lebanon,female,Proportion of women in ministerial level positions (%),NaN,NaN,NaN,NaN,NaN,NaN,NaN,NaN,6.9,NaN,NaN,4.5,NaN,6.9,NaN,0,NaN,0,4.3,3.4,NaN,NaN
Lesotho,female,Proportion of seats held by women in national parliaments (%),4.6,3.8,3.8,3.8,3.8,NaN,11.7,11.7,11.7,11.7,23.5,25,24.2,24.2,24.2,26.7,26.7,26.7,25,25,22.9,22.1
Lesotho,female,Proportion of women in ministerial level positions (%),NaN,NaN,NaN,NaN,NaN,NaN,NaN,NaN,27.8,NaN,NaN,31.6,NaN,31.6,NaN,36.8,NaN,21.7,21.7,18.2,NaN,NaN
Liberia,female,Proportion of seats held by women in national parliaments (%),NaN,NaN,NaN,7.8,7.8,7.8,7.8,5.3,12.5,12.5,12.5,12.5,12.5,12.5,9.6,11,11,11,11,11,12.3,12.3
Liberia,female,Proportion of women in ministerial level positions (%),NaN,NaN,NaN,NaN,NaN,NaN,NaN,NaN,13.6,NaN,NaN,20,NaN,30.4,NaN,22.7,NaN,21.1,20,15.8,NaN,NaN
Lithuania,female,Proportion of seats held by women in national parliaments (%),17.5,17.5,17.5,10.6,10.6,10.6,10.6,22,22,24.8,22.7,17.7,19.1,19.1,19.1,24.5,24.1,24.1,23.4,21.3,21.3,21.3
Lithuania,female,Proportion of women in ministerial level positions (%),NaN,NaN,NaN,NaN,NaN,NaN,NaN,NaN,15.4,NaN,NaN,23.1,NaN,14.3,NaN,14.3,NaN,7.1,21.4,21.4,NaN,NaN
"Macao SAR, China",female,Proportion of seats held by women in national parliaments (%),NaN,NaN,NaN,NaN,NaN,NaN,NaN,NaN,NaN,NaN,NaN,NaN,NaN,NaN,NaN,NaN,NaN,NaN,NaN,NaN,NaN,NaN
"Macao SAR, China",female,Proportion of women in ministerial level positions (%),NaN,NaN,NaN,NaN,NaN,NaN,NaN,NaN,NaN,NaN,NaN,NaN,NaN,NaN,NaN,NaN,NaN,NaN,NaN,NaN,NaN,NaN
Madagascar,female,Proportion of seats held by women in national parliaments (%),3.7,NaN,8,8,8,NaN,3.8,6.9,6.9,6.9,7.9,7.9,NaN,12.5,12.5,17.5,17.5,20.5,20.5,20.5,19.2,19.2
Madagascar,female,Proportion of women in ministerial level positions (%),NaN,NaN,NaN,NaN,NaN,NaN,NaN,NaN,5.9,NaN,NaN,12.5,NaN,17.2,NaN,26.5,NaN,31.3,20,17.9,NaN,NaN
Malawi,female,Proportion of seats held by women in national parliaments (%),5.6,5.6,8.3,9.3,9.3,9.3,9.3,14,13.6,13.6,13,13,20.8,20.8,22.3,22.3,22.3,16.7,16.7,16.7,16.7,16.7
Malawi,female,Proportion of women in ministerial level positions (%),NaN,NaN,NaN,NaN,NaN,NaN,NaN,NaN,14.3,NaN,NaN,23.8,NaN,27.3,NaN,21.1,NaN,32,11.1,22.2,NaN,NaN
Malaysia,female,Proportion of seats held by women in national parliaments (%),7.8,7.8,NaN,10.4,10.4,10.4,10.5,9.1,9.1,9.1,10,10.8,9.9,9.9,10.4,10.4,10.4,10.4,10.4,10.4,10.4,13.9
Malaysia,female,Proportion of women in ministerial level positions (%),NaN,NaN,NaN,NaN,NaN,NaN,NaN,NaN,9.1,NaN,NaN,9.4,NaN,6.7,NaN,6.5,NaN,6.3,5.7,8.3,NaN,NaN
Maldives,female,Proportion of seats held by women in national parliaments (%),6.3,6.3,NaN,6,6,6,6,6,12,12,12,12,6.5,6.5,6.5,6.5,6.5,5.9,5.9,5.9,5.9,5.9
Maldives,female,Proportion of women in ministerial level positions (%),NaN,NaN,NaN,NaN,NaN,NaN,NaN,NaN,11.8,NaN,NaN,14.3,NaN,6.7,NaN,21.4,NaN,17.6,12.5,17.6,NaN,NaN
Mali,female,Proportion of seats held by women in national parliaments (%),12.2,12.2,12.2,12.2,12.2,10.2,10.2,10.2,10.2,10.2,10.2,10.2,10.2,10.2,10.2,10.2,10.2,9.5,8.8,8.8,8.8,8.8
Mali,female,Proportion of women in ministerial level positions (%),NaN,NaN,NaN,NaN,NaN,NaN,NaN,NaN,18.5,NaN,NaN,23.1,NaN,21.4,NaN,13.8,NaN,12.1,16.1,24.2,NaN,NaN
Malta,female,Proportion of seats held by women in national parliaments (%),5.8,5.8,9.2,9.2,9.2,9.2,7.7,9.2,9.2,9.2,9.2,8.7,8.7,8.7,8.7,8.7,14.3,14.3,12.9,12.9,11.9,11.9
Malta,female,Proportion of women in ministerial level positions (%),NaN,NaN,NaN,NaN,NaN,NaN,NaN,NaN,15.4,NaN,NaN,15.4,NaN,25,NaN,22.2,NaN,14.3,7.1,6.3,NaN,NaN
Marshall Islands,female,Proportion of seats held by women in national parliaments (%),NaN,NaN,NaN,3,3,3,3,3,3,3,3,3,3,3,3,3,3,3,9.1,9.1,9.1,9.1
Marshall Islands,female,Proportion of women in ministerial level positions (%),NaN,NaN,NaN,NaN,NaN,NaN,NaN,NaN,0,NaN,NaN,10,NaN,10,NaN,10,NaN,10,10,10,NaN,NaN
Mauritania,female,Proportion of seats held by women in national parliaments (%),1.3,3.8,3.8,3.8,NaN,NaN,3.7,3.7,NaN,17.9,22.1,22.1,22.1,22.1,22.1,22.1,22.1,25.2,25.2,25.2,25.2,20.3
Mauritania,female,Proportion of women in ministerial level positions (%),NaN,NaN,NaN,NaN,NaN,NaN,NaN,NaN,9.1,NaN,NaN,12,NaN,23.1,NaN,11.5,NaN,13,26.9,30.8,NaN,NaN
Mauritius,female,Proportion of seats held by women in national parliaments (%),7.6,7.6,7.6,5.7,5.7,5.7,5.7,5.7,17.1,17.1,17.1,17.1,17.1,18.8,18.8,18.8,18.8,18.8,11.6,11.6,11.6,11.6
Mauritius,female,Proportion of women in ministerial level positions (%),NaN,NaN,NaN,NaN,NaN,NaN,NaN,NaN,8,NaN,NaN,10,NaN,NaN,NaN,8,NaN,8.3,12,10,NaN,NaN
Mexico,female,Proportion of seats held by women in national parliaments (%),14.2,17.4,18.2,16,16,16,22.6,22.6,24.2,22.6,23.2,23.2,27.6,26.2,26.2,36.8,36.8,37.4,42.4,42.4,42.6,48.2
Mexico,female,Proportion of women in ministerial level positions (%),NaN,NaN,NaN,NaN,NaN,NaN,NaN,NaN,9.4,NaN,NaN,15.8,NaN,10.5,NaN,21.1,NaN,17.6,17.6,15.8,NaN,NaN
Moldova,female,Proportion of seats held by women in national parliaments (%),4.8,NaN,8.9,7.9,12.9,12.9,12.9,15.8,21.8,21.8,21.8,21.8,23.8,18.8,19.8,19.8,19.8,17.8,21.8,21.8,22.8,22.8
Moldova,female,Proportion of women in ministerial level positions (%),NaN,NaN,NaN,NaN,NaN,NaN,NaN,NaN,11.1,NaN,NaN,10.5,NaN,5.3,NaN,5.6,NaN,27.8,27.8,22.2,NaN,NaN
Mongolia,female,Proportion of seats held by women in national parliaments (%),7.9,7.9,7.9,10.5,10.5,10.5,10.5,6.8,6.7,6.6,6.6,4.2,3.9,3.9,3.9,14.9,14.9,14.9,14.5,17.1,17.1,17.1
Mongolia,female,Proportion of women in ministerial level positions (%),NaN,NaN,NaN,NaN,NaN,NaN,NaN,NaN,5.9,NaN,NaN,20,NaN,7.1,NaN,7.1,NaN,16.7,11.1,13.3,NaN,NaN
Montenegro,female,Proportion of seats held by women in national parliaments (%),NaN,NaN,NaN,NaN,NaN,NaN,NaN,NaN,NaN,8.6,11.1,11.1,11.1,11.1,12.3,17.3,16,17.3,17.3,23.5,23.5,23.5
Montenegro,female,Proportion of women in ministerial level positions (%),NaN,NaN,NaN,NaN,NaN,NaN,NaN,NaN,NaN,NaN,NaN,6.3,NaN,5,NaN,5.9,NaN,16.7,16.7,20,NaN,NaN
Morocco,female,Proportion of seats held by women in national parliaments (%),0.6,0.6,0.6,0.6,0.6,10.8,10.8,10.8,10.8,10.8,10.5,10.5,10.5,10.5,17,17,17,17,17,20.5,20.5,20.5
Morocco,female,Proportion of women in ministerial level positions (%),NaN,NaN,NaN,NaN,NaN,NaN,NaN,NaN,5.9,NaN,NaN,19.2,NaN,11.1,NaN,3.3,NaN,NaN,15.8,13,NaN,NaN
Mozambique,female,Proportion of seats held by women in national parliaments (%),25.2,25.2,NaN,30,30,30,30,34.8,34.8,34.8,34.8,34.8,39.2,39.2,39.2,39.2,39.2,NaN,39.6,39.6,39.6,39.6
Mozambique,female,Proportion of women in ministerial level positions (%),NaN,NaN,NaN,NaN,NaN,NaN,NaN,NaN,13,NaN,NaN,25.9,NaN,25.9,NaN,27.6,NaN,28.6,28.6,23.8,NaN,NaN
Myanmar,female,Proportion of seats held by women in national parliaments (%),NaN,NaN,NaN,NaN,NaN,NaN,NaN,NaN,NaN,NaN,NaN,NaN,NaN,4.3,3.5,6,6,5.6,12.7,9.9,10.2,10.2
Myanmar,female,Proportion of women in ministerial level positions (%),NaN,NaN,NaN,NaN,NaN,NaN,NaN,NaN,NaN,NaN,NaN,0,NaN,NaN,NaN,NaN,NaN,2.6,5.3,5,NaN,NaN
Namibia,female,Proportion of seats held by women in national parliaments (%),22.2,22.2,22.2,25,25,25,26.4,25,26.9,26.9,26.9,26.9,26.9,24.4,24.4,24.4,24.4,NaN,41.3,41.3,41.3,46.2
Namibia,female,Proportion of women in ministerial level positions (%),NaN,NaN,NaN,NaN,NaN,NaN,NaN,NaN,19,NaN,NaN,25,NaN,24,NaN,22.7,NaN,21.7,21.7,24,NaN,NaN
Nepal,female,Proportion of seats held by women in national parliaments (%),3.4,3.4,5.9,5.9,5.9,5.9,5.9,5.9,5.9,5.9,17.3,33.2,33.2,33.2,33.2,33.2,33.2,29.5,29.5,29.6,29.6,32.7
Nepal,female,Proportion of women in ministerial level positions (%),NaN,NaN,NaN,NaN,NaN,NaN,NaN,NaN,7.4,NaN,NaN,20,NaN,7.7,NaN,15.4,NaN,NaN,13.6,3.7,NaN,NaN
New Caledonia,female,Proportion of seats held by women in national parliaments (%),NaN,NaN,NaN,NaN,NaN,NaN,NaN,NaN,NaN,NaN,NaN,NaN,NaN,NaN,NaN,NaN,NaN,NaN,NaN,NaN,NaN,NaN
New Caledonia,female,Proportion of women in ministerial level positions (%),NaN,NaN,NaN,NaN,NaN,NaN,NaN,NaN,NaN,NaN,NaN,NaN,NaN,NaN,NaN,NaN,NaN,NaN,NaN,NaN,NaN,NaN
Nicaragua,female,Proportion of seats held by women in national parliaments (%),10.8,10.8,9.7,9.7,NaN,20.7,20.7,20.7,20.7,15.2,18.5,18.5,20.7,20.7,40.2,40.2,40.2,42.4,41.3,41.3,45.7,45.7
Nicaragua,female,Proportion of women in ministerial level positions (%),NaN,NaN,NaN,NaN,NaN,NaN,NaN,NaN,14.3,NaN,NaN,33.3,NaN,38.5,NaN,46.2,NaN,57.1,47.1,52.9,NaN,NaN
Niger,female,Proportion of seats held by women in national parliaments (%),1.2,1.2,NaN,1.2,1.2,1.2,1.2,12.4,12.4,12.4,12.4,12.4,9.7,NaN,13.3,13.3,13.3,13.3,13.3,14.6,17,17
Niger,female,Proportion of women in ministerial level positions (%),NaN,NaN,NaN,NaN,NaN,NaN,NaN,NaN,23.1,NaN,NaN,25.8,NaN,22.6,NaN,26.1,NaN,12.9,12.9,16.2,NaN,NaN
Nigeria,female,Proportion of seats held by women in national parliaments (%),NaN,NaN,NaN,3.4,3.4,3.4,4.9,4.7,6.4,6.1,7,7,7,7,6.8,6.7,6.7,6.7,5.6,5.6,5.6,5.6
Nigeria,female,Proportion of women in ministerial level positions (%),NaN,NaN,NaN,NaN,NaN,NaN,NaN,NaN,10,NaN,NaN,22.7,NaN,9.7,NaN,28.1,NaN,25,24.1,12,NaN,NaN
North Macedonia,female,Proportion of seats held by women in national parliaments (%),3.3,3.3,7.5,6.7,6.7,17.5,18.3,19.2,19.2,28.3,29.2,31.7,32.5,32.5,30.9,32.5,34.1,33.3,33.3,33.3,34.2,38.3
North Macedonia,female,Proportion of women in ministerial level positions (%),NaN,NaN,NaN,NaN,NaN,NaN,NaN,NaN,16.7,NaN,NaN,13.6,NaN,9.5,NaN,13.6,NaN,8.7,8,NaN,NaN,NaN
Oman,female,Proportion of seats held by women in national parliaments (%),NaN,NaN,NaN,NaN,NaN,NaN,NaN,2.4,2.4,2.4,0,0,0,0,1.2,1.2,1.2,1.2,1.2,1.2,1.2,1.2
Oman,female,Proportion of women in ministerial level positions (%),NaN,NaN,NaN,NaN,NaN,NaN,NaN,NaN,10,NaN,NaN,9.1,NaN,9.4,NaN,6.9,NaN,6.7,6.7,6.3,NaN,NaN
Pakistan,female,Proportion of seats held by women in national parliaments (%),2.3,2.3,NaN,NaN,NaN,21.1,21.6,21.3,21.3,21.3,21.1,22.5,22.2,22.2,22.5,22.5,20.7,20.7,20.6,20.6,20.6,20.6
Pakistan,female,Proportion of women in ministerial level positions (%),NaN,NaN,NaN,NaN,NaN,NaN,NaN,NaN,5.6,NaN,NaN,3.6,NaN,7.5,NaN,10,NaN,0,0,0,NaN,NaN
Palau,female,Proportion of seats held by women in national parliaments (%),0,0,0,0,0,0,0,0,0,0,0,0,0,0,0,0,0,0,0,0,12.5,12.5
Palau,female,Proportion of women in ministerial level positions (%),NaN,NaN,NaN,NaN,NaN,NaN,NaN,NaN,12.5,NaN,NaN,0,NaN,25,NaN,12.5,NaN,12.5,12.5,0,NaN,NaN
Panama,female,Proportion of seats held by women in national parliaments (%),9.7,9.7,NaN,9.9,9.9,9.9,9.9,16.7,16.7,16.7,16.7,16.7,8.5,8.5,8.5,8.5,8.5,19.3,18.3,18.3,18.3,18.3
Panama,female,Proportion of women in ministerial level positions (%),NaN,NaN,NaN,NaN,NaN,NaN,NaN,NaN,14.3,NaN,NaN,23.1,NaN,26.7,NaN,29.4,NaN,31.6,27.8,29.4,NaN,NaN
Papua New Guinea,female,Proportion of seats held by women in national parliaments (%),1.8,1.8,1.8,1.8,1.8,NaN,0.9,0.9,0.9,0.9,0.9,0.9,0.9,0.9,0.9,2.7,2.7,2.7,2.7,2.7,0,0
Papua New Guinea,female,Proportion of women in ministerial level positions (%),NaN,NaN,NaN,NaN,NaN,NaN,NaN,NaN,NaN,NaN,NaN,3.6,NaN,3.7,NaN,0,NaN,3.1,3.1,3.1,NaN,NaN
Paraguay,female,Proportion of seats held by women in national parliaments (%),2.5,NaN,2.5,2.5,2.5,2.5,8.8,10,10,10,10,12.5,12.5,12.5,12.5,12.5,17.5,15,15,15,13.8,15
Paraguay,female,Proportion of women in ministerial level positions (%),NaN,NaN,NaN,NaN,NaN,NaN,NaN,NaN,30.8,NaN,NaN,18.9,NaN,21.7,NaN,7.1,NaN,25,7.7,15.4,NaN,NaN
Peru,female,Proportion of seats held by women in national parliaments (%),10.8,10.8,10.8,NaN,17.5,17.5,17.5,18.3,18.3,29.2,29.2,29.2,27.5,27.5,21.5,21.5,21.5,22.3,22.3,27.7,27.7,27.7
Peru,female,Proportion of women in ministerial level positions (%),NaN,NaN,NaN,NaN,NaN,NaN,NaN,NaN,11.8,NaN,NaN,29.4,NaN,22.2,NaN,16.7,NaN,44.4,22.2,36.8,NaN,NaN
Philippines,female,Proportion of seats held by women in national parliaments (%),11.1,12.4,12.4,11.3,17.8,17.8,17.8,15.3,15.3,15.3,20.5,20.5,21,22.1,22.9,22.9,27.1,27.3,27.2,29.8,29.5,29.5
Philippines,female,Proportion of women in ministerial level positions (%),NaN,NaN,NaN,NaN,NaN,NaN,NaN,NaN,25,NaN,NaN,9.1,NaN,13.6,NaN,18.2,NaN,16,20,25,NaN,NaN
Portugal,female,Proportion of seats held by women in national parliaments (%),13,13,18.7,17.4,18.7,19.1,19.1,19.1,21.3,21.3,28.3,28.3,27.4,27.4,28.7,28.7,28.7,31.3,34.8,34.8,34.8,34.8
Portugal,female,Proportion of women in ministerial level positions (%),NaN,NaN,NaN,NaN,NaN,NaN,NaN,NaN,16.7,NaN,NaN,12.5,NaN,31.3,NaN,18.2,NaN,21.4,28.6,22.2,NaN,NaN
Puerto Rico,female,Proportion of seats held by women in national parliaments (%),NaN,NaN,NaN,NaN,NaN,NaN,NaN,NaN,NaN,NaN,NaN,NaN,NaN,NaN,NaN,NaN,NaN,NaN,NaN,NaN,NaN,NaN
Puerto Rico,female,Proportion of women in ministerial level positions (%),NaN,NaN,NaN,NaN,NaN,NaN,NaN,NaN,NaN,NaN,NaN,NaN,NaN,NaN,NaN,NaN,NaN,NaN,NaN,NaN,NaN,NaN
Qatar,female,Proportion of seats held by women in national parliaments (%),NaN,NaN,NaN,NaN,NaN,NaN,NaN,NaN,NaN,0,0,0,0,0,0,0,0,0,0,0,0,9.8
Qatar,female,Proportion of women in ministerial level positions (%),NaN,NaN,NaN,NaN,NaN,NaN,NaN,NaN,7.7,NaN,NaN,7.7,NaN,0,NaN,0,NaN,5,5,6.3,NaN,NaN
Romania,female,Proportion of seats held by women in national parliaments (%),7.3,7.3,7.3,NaN,10.7,10.7,10.7,11.4,11.2,11.2,9.4,11.4,11.4,11.4,11.2,13.3,13.3,13.5,13.7,13.7,20.7,20.7
Romania,female,Proportion of women in ministerial level positions (%),NaN,NaN,NaN,NaN,NaN,NaN,NaN,NaN,12.5,NaN,NaN,0,NaN,6.3,NaN,16.7,NaN,22.2,14.3,24,NaN,NaN
Russian Federation,female,Proportion of seats held by women in national parliaments (%),10.2,10.2,NaN,7.7,7.6,7.6,7.6,9.8,9.8,9.8,14,14,14,14,13.6,13.6,13.6,13.6,13.6,12.7,15.8,15.8
Russian Federation,female,Proportion of women in ministerial level positions (%),NaN,NaN,NaN,NaN,NaN,NaN,NaN,NaN,0,NaN,NaN,9.5,NaN,16.7,NaN,15.8,NaN,6.7,6.5,9.7,NaN,NaN
Rwanda,female,Proportion of seats held by women in national parliaments (%),17.1,17.1,17.1,25.7,25.7,25.7,48.8,48.8,48.8,48.8,48.8,56.3,56.3,56.3,56.3,56.3,63.8,63.8,63.8,63.8,61.3,61.3
Rwanda,female,Proportion of women in ministerial level positions (%),NaN,NaN,NaN,NaN,NaN,NaN,NaN,NaN,35.7,NaN,NaN,16.7,NaN,33.3,NaN,32,NaN,39.3,35.5,47.4,NaN,NaN
Saint Lucia,female,Proportion of seats held by women in national parliaments (%),11.8,11.8,11.1,11.1,NaN,11.1,11.1,11.1,11.1,0,11.1,11.1,11.1,11.1,16.7,16.7,16.7,16.7,16.7,16.7,16.7,16.7
Saint Lucia,female,Proportion of women in ministerial level positions (%),NaN,NaN,NaN,NaN,NaN,NaN,NaN,NaN,8.3,NaN,NaN,NaN,NaN,7.7,NaN,15.4,NaN,15.4,15.4,27.3,NaN,NaN
Samoa,female,Proportion of seats held by women in national parliaments (%),4.1,4.1,8.2,8.2,6.1,6.1,6.1,6.1,6.1,6.1,8.2,8.2,8.2,8.2,4.1,4.1,4.1,6.1,6.1,10,10,10
Samoa,female,Proportion of women in ministerial level positions (%),NaN,NaN,NaN,NaN,NaN,NaN,NaN,NaN,7.7,NaN,NaN,23.1,NaN,23.1,NaN,7.7,NaN,7.7,7.7,15.4,NaN,NaN
San Marino,female,Proportion of seats held by women in national parliaments (%),11.7,13.3,13.3,13.3,16.7,16.7,16.7,16.7,16.7,11.7,11.7,15,16.7,16.7,18.3,16.7,18.3,18.3,16.7,16.7,26.7,26.7
San Marino,female,Proportion of women in ministerial level positions (%),NaN,NaN,NaN,NaN,NaN,NaN,NaN,NaN,12.5,NaN,NaN,20,NaN,20,NaN,20,NaN,0,11.1,0,NaN,NaN
Sao Tome and Principe,female,Proportion of seats held by women in national parliaments (%),7.3,7.3,9.1,9.1,9.1,NaN,9.1,9.1,9.1,7.3,1.8,7.3,7.3,18.2,18.2,18.2,18.2,18.2,18.2,18.2,18.2,18.2
Sao Tome and Principe,female,Proportion of women in ministerial level positions (%),NaN,NaN,NaN,NaN,NaN,NaN,NaN,NaN,14.3,NaN,NaN,25,NaN,38.5,NaN,9.1,NaN,15.4,7.7,18.2,NaN,NaN
Saudi Arabia,female,Proportion of seats held by women in national parliaments (%),NaN,NaN,NaN,NaN,NaN,NaN,0,0,0,0,0,0,0,0,0,0,19.9,19.9,19.9,19.9,19.9,19.9
Saudi Arabia,female,Proportion of women in ministerial level positions (%),NaN,NaN,NaN,NaN,NaN,NaN,NaN,NaN,0,NaN,NaN,0,NaN,0,NaN,0,NaN,0,0,0,NaN,NaN
Senegal,female,Proportion of seats held by women in national parliaments (%),11.7,12.1,12.1,12.1,16.7,19.2,19.2,19.2,19.2,19.2,22,22,22.7,22.7,22.7,42.7,42.7,43.3,42.7,42.7,41.8,41.8
Senegal,female,Proportion of women in ministerial level positions (%),NaN,NaN,NaN,NaN,NaN,NaN,NaN,NaN,20.6,NaN,NaN,17.9,NaN,12.9,NaN,25,NaN,16.1,20,20,NaN,NaN
Serbia,female,Proportion of seats held by women in national parliaments (%),NaN,NaN,NaN,NaN,NaN,NaN,NaN,NaN,NaN,12,20.4,21.6,21.6,21.6,22,33.2,33.2,34,34,34,34.4,34.4
Serbia,female,Proportion of women in ministerial level positions (%),NaN,NaN,NaN,NaN,NaN,NaN,NaN,NaN,NaN,NaN,NaN,16.7,NaN,19.2,NaN,15,NaN,9.1,22.2,26.3,NaN,NaN
Seychelles,female,Proportion of seats held by women in national parliaments (%),27.3,23.5,23.5,23.5,23.5,29.4,29.4,29.4,29.4,29.4,23.5,23.5,23.5,23.5,43.8,43.8,43.8,43.8,43.8,21.2,21.2,21.2
Seychelles,female,Proportion of women in ministerial level positions (%),NaN,NaN,NaN,NaN,NaN,NaN,NaN,NaN,12.5,NaN,NaN,20,NaN,20,NaN,22.2,NaN,23.1,25,30.8,NaN,NaN
Sierra Leone,female,Proportion of seats held by women in national parliaments (%),NaN,NaN,8.8,8.8,8.8,NaN,14.5,14.5,14.5,14.5,13.2,13.2,13.2,13.2,12.9,12.4,12.4,12.1,12.4,12.4,12.4,12.3
Sierra Leone,female,Proportion of women in ministerial level positions (%),NaN,NaN,NaN,NaN,NaN,NaN,NaN,NaN,13,NaN,NaN,14.3,NaN,8,NaN,7.7,NaN,10.3,6.9,13.8,NaN,NaN
Singapore,female,Proportion of seats held by women in national parliaments (%),4.8,4.8,4.3,4.3,11.8,11.8,16,16,16,21.2,24.5,24.5,23.4,23.4,22.2,24.2,24.2,25.3,23.9,23.8,23,23
Singapore,female,Proportion of women in ministerial level positions (%),NaN,NaN,NaN,NaN,NaN,NaN,NaN,NaN,0,NaN,NaN,0,NaN,5,NaN,0,NaN,5.9,5.6,5.3,NaN,NaN
Slovenia,female,Proportion of seats held by women in national parliaments (%),7.8,7.8,7.8,NaN,12.2,12.2,12.2,12.2,12.2,12.2,12.2,13.3,14.4,14.4,32.2,32.2,32.2,35.6,36.7,36.7,36.7,24.4
Slovenia,female,Proportion of women in ministerial level positions (%),NaN,NaN,NaN,NaN,NaN,NaN,NaN,NaN,6.3,NaN,NaN,17.6,NaN,22.2,NaN,7.7,NaN,18.2,43.8,50,NaN,NaN
South Africa,female,Proportion of seats held by women in national parliaments (%),25,28.8,30,29.8,29.8,29.8,29.8,32.8,32.8,32.8,33,33,44.5,44.5,42.3,42.3,42.3,41.5,42,41.8,42,42.3
South Africa,female,Proportion of women in ministerial level positions (%),NaN,NaN,NaN,NaN,NaN,NaN,NaN,NaN,41.4,NaN,NaN,44.8,NaN,34.3,NaN,40,NaN,37.1,41.7,41.7,NaN,NaN
Spain,female,Proportion of seats held by women in national parliaments (%),24.7,24.7,21.6,28.3,28.3,28.3,28.3,36,36,36,36.6,36.3,36.6,36.6,36,36,36,39.7,41.1,39.1,39.1,39.1
Spain,female,Proportion of women in ministerial level positions (%),NaN,NaN,NaN,NaN,NaN,NaN,NaN,NaN,50,NaN,NaN,43.8,NaN,52.9,NaN,30.8,NaN,30.8,30.8,38.5,NaN,NaN
Sri Lanka,female,Proportion of seats held by women in national parliaments (%),5.3,5.3,4.9,NaN,NaN,4.4,4.4,4.9,4.9,4.9,5.8,5.8,5.8,5.3,5.8,5.8,5.8,5.8,4.9,5.8,5.8,5.8
Sri Lanka,female,Proportion of women in ministerial level positions (%),NaN,NaN,NaN,NaN,NaN,NaN,NaN,NaN,10.3,NaN,NaN,5.7,NaN,5.9,NaN,NaN,NaN,2.9,7.1,4.3,NaN,NaN
State of Palestine,female,Proportion of seats held by women in national parliaments (%),NaN,NaN,NaN,NaN,NaN,NaN,NaN,NaN,NaN,NaN,NaN,NaN,NaN,NaN,NaN,NaN,NaN,NaN,NaN,NaN,NaN,NaN
State of Palestine,female,Proportion of women in ministerial level positions (%),NaN,NaN,NaN,NaN,NaN,NaN,NaN,NaN,NaN,NaN,NaN,NaN,NaN,NaN,NaN,NaN,NaN,NaN,NaN,NaN,NaN,NaN
Sudan,female,Proportion of seats held by women in national parliaments (%),5.3,5.3,NaN,NaN,9.7,9.7,9.7,9.7,14.7,17.8,18.1,18.1,18.9,25.6,24.6,24.6,24.6,24.3,30.5,30.5,30.5,30.5
Sudan,female,Proportion of women in ministerial level positions (%),NaN,NaN,NaN,NaN,NaN,NaN,NaN,NaN,2.6,NaN,NaN,6.3,NaN,6.3,NaN,9.1,NaN,16.1,15.2,11.4,NaN,NaN
Suriname,female,Proportion of seats held by women in national parliaments (%),15.7,15.7,15.7,NaN,17.6,17.6,17.6,19.6,25.5,25.5,25.5,25.5,25.5,9.8,11.8,11.8,11.8,11.8,25.5,25.5,25.5,25.5
Suriname,female,Proportion of women in ministerial level positions (%),NaN,NaN,NaN,NaN,NaN,NaN,NaN,NaN,11.8,NaN,NaN,16.7,NaN,NaN,NaN,11.1,NaN,5.6,5.6,22.2,NaN,NaN
Tajikistan,female,Proportion of seats held by women in national parliaments (%),2.8,2.8,2.8,15,12.7,12.7,12.7,12.7,17.5,17.5,17.5,17.5,17.5,19,19,19,19,16.9,19,19,19,19
Tajikistan,female,Proportion of women in ministerial level positions (%),NaN,NaN,NaN,NaN,NaN,NaN,NaN,NaN,3.1,NaN,NaN,5.9,NaN,5.9,NaN,6.3,NaN,11.1,11.1,5.9,NaN,NaN
Tanzania,female,Proportion of seats held by women in national parliaments (%),17.5,17.5,16.4,NaN,22.3,22.3,21.4,21.4,30.4,30.4,30.4,30.4,30.7,NaN,36,36,36,36,36,36.6,36.4,37.2
Tanzania,female,Proportion of women in ministerial level positions (%),NaN,NaN,NaN,NaN,NaN,NaN,NaN,NaN,15.4,NaN,NaN,20.7,NaN,26.9,NaN,27.6,NaN,36.7,32.3,20,NaN,NaN
Thailand,female,Proportion of seats held by women in national parliaments (%),5.6,5.6,5.6,4.8,9.2,9.2,9.2,8.8,10.6,8.7,11.7,11.7,13.3,13.3,15.8,15.8,15.8,6.1,6.1,6.1,4.8,5.3
Thailand,female,Proportion of women in ministerial level positions (%),NaN,NaN,NaN,NaN,NaN,NaN,NaN,NaN,7.7,NaN,NaN,10,NaN,12.5,NaN,8.7,NaN,8.3,4.2,11.1,NaN,NaN
Timor-Leste,female,Proportion of seats held by women in national parliaments (%),NaN,NaN,NaN,NaN,NaN,NaN,26.1,25.3,25.3,25.3,29.2,29.2,29.2,29.2,32.3,38.5,38.5,38.5,38.5,38.5,32.3,33.8
Timor-Leste,female,Proportion of women in ministerial level positions (%),NaN,NaN,NaN,NaN,NaN,NaN,NaN,NaN,22.2,NaN,NaN,25,NaN,21.4,NaN,23.1,NaN,11.8,12.5,18.8,NaN,NaN
Togo,female,Proportion of seats held by women in national parliaments (%),1.2,1.2,NaN,4.9,4.9,4.9,7.4,6.2,7.4,8.6,11.1,11.1,11.1,11.1,11.1,11.1,15.4,17.6,17.6,17.6,17.6,17.6
Togo,female,Proportion of women in ministerial level positions (%),NaN,NaN,NaN,NaN,NaN,NaN,NaN,NaN,20,NaN,NaN,9.5,NaN,14.3,NaN,22.6,NaN,21.4,20.7,20,NaN,NaN
Trinidad and Tobago,female,Proportion of seats held by women in national parliaments (%),11.1,11.1,11.1,NaN,11.1,19.4,19.4,19.4,19.4,19.4,26.8,26.8,26.8,28.6,28.6,28.6,28.6,28.6,31,31,31,31
Trinidad and Tobago,female,Proportion of women in ministerial level positions (%),NaN,NaN,NaN,NaN,NaN,NaN,NaN,NaN,18.2,NaN,NaN,36.4,NaN,34.5,NaN,18.4,NaN,6.5,9.7,28.6,NaN,NaN
Tunisia,female,Proportion of seats held by women in national parliaments (%),6.7,7.4,11.5,11.5,11.5,11.5,11.5,22.8,22.8,22.8,22.8,22.8,27.6,27.6,26.7,26.7,26.7,31.3,31.3,31.3,31.3,31.3
Tunisia,female,Proportion of women in ministerial level positions (%),NaN,NaN,NaN,NaN,NaN,NaN,NaN,NaN,7.1,NaN,NaN,7.1,NaN,3.8,NaN,6.9,NaN,3.7,10.5,23.1,NaN,NaN
Turkey,female,Proportion of seats held by women in national parliaments (%),2.4,2.4,4.2,4.2,4.2,NaN,4.4,4.4,4.4,4.4,9.1,9.1,9.1,9.1,14.2,14.2,14.4,14.4,14.9,14.9,14.6,17.4
Turkey,female,Proportion of women in ministerial level positions (%),NaN,NaN,NaN,NaN,NaN,NaN,NaN,NaN,4.3,NaN,NaN,4.2,NaN,7.7,NaN,4,NaN,4,4,3.8,NaN,NaN
Turkmenistan,female,Proportion of seats held by women in national parliaments (%),18,18,NaN,26,26,26,26,NaN,16,16,16,NaN,16.8,16.8,16.8,16.8,16.8,26.4,25.8,25.8,25.8,24.8
Turkmenistan,female,Proportion of women in ministerial level positions (%),NaN,NaN,NaN,NaN,NaN,NaN,NaN,NaN,9.5,NaN,NaN,7.1,NaN,6.3,NaN,9.4,NaN,8.8,5.7,2.9,NaN,NaN
Uganda,female,Proportion of seats held by women in national parliaments (%),18.1,18.1,17.9,17.8,24.7,24.7,24.7,23.9,23.9,29.8,30.7,30.7,31.5,31.3,35,35,35,35,35,33.5,34.3,34.3
Uganda,female,Proportion of women in ministerial level positions (%),NaN,NaN,NaN,NaN,NaN,NaN,NaN,NaN,23.4,NaN,NaN,28,NaN,32,NaN,32.1,NaN,32.1,29.6,36.7,NaN,NaN
Ukraine,female,Proportion of seats held by women in national parliaments (%),3.8,NaN,7.8,7.8,7.8,NaN,5.3,5.3,5.3,8.7,8.2,8.2,8,8,8,9.4,9.4,11.7,12.1,12,12.3,12.3
Ukraine,female,Proportion of women in ministerial level positions (%),NaN,NaN,NaN,NaN,NaN,NaN,NaN,NaN,5.6,NaN,NaN,4.3,NaN,4.3,NaN,0,NaN,14.3,10.5,13,NaN,NaN
Uruguay,female,Proportion of seats held by women in national parliaments (%),7.1,7.1,12.1,12.1,12.1,12.1,12.1,12.1,11.1,11.1,12.1,12.1,14.1,15.2,12.1,12.1,12.1,16.2,16.2,16.2,20.2,20.2
Uruguay,female,Proportion of women in ministerial level positions (%),NaN,NaN,NaN,NaN,NaN,NaN,NaN,NaN,0,NaN,NaN,28.6,NaN,21.4,NaN,7.1,NaN,14.3,14.3,35.7,NaN,NaN
Uzbekistan,female,Proportion of seats held by women in national parliaments (%),6,6,NaN,7.2,7.2,7.2,7.2,17.5,17.5,17.5,17.5,17.5,22,22,22,22,22,22,16,16,16,16
Uzbekistan,female,Proportion of women in ministerial level positions (%),NaN,NaN,NaN,NaN,NaN,NaN,NaN,NaN,3.6,NaN,NaN,5.3,NaN,3.2,NaN,10.5,NaN,10.5,10.5,NaN,NaN,NaN
Vanuatu,female,Proportion of seats held by women in national parliaments (%),NaN,NaN,0,0,0,1.9,1.9,3.8,3.8,3.8,3.8,3.8,3.8,3.8,1.9,0,0,0,0,0,0,0
Vanuatu,female,Proportion of women in ministerial level positions (%),NaN,NaN,NaN,NaN,NaN,NaN,NaN,NaN,8.3,NaN,NaN,7.7,NaN,0,NaN,0,NaN,0,0,0,NaN,NaN
Venezuela,female,Proportion of seats held by women in national parliaments (%),5.9,5.9,12.1,NaN,9.7,9.7,9.7,9.7,17.4,18,18.6,18.6,17.5,17,17,17,17,17,17,14.4,22.2,22.2
Venezuela,female,Proportion of women in ministerial level positions (%),NaN,NaN,NaN,NaN,NaN,NaN,NaN,NaN,13.6,NaN,NaN,21.4,NaN,25.9,NaN,37.8,NaN,16.1,23.3,24.2,NaN,NaN
Vietnam,female,Proportion of seats held by women in national parliaments (%),26.2,26.2,26,26,26,27.3,27.3,27.3,27.3,27.3,25.8,25.8,25.8,25.8,24.4,24.4,24.4,24.3,24.3,26.7,26.7,26.7
Vietnam,female,Proportion of women in ministerial level positions (%),NaN,NaN,NaN,NaN,NaN,NaN,NaN,NaN,11.5,NaN,NaN,4.2,NaN,4.2,NaN,9.1,NaN,9.1,9.1,4.2,NaN,NaN
Zambia,female,Proportion of seats held by women in national parliaments (%),9.7,10.3,10.1,10.1,10.1,12,12,12,12.7,14.6,15.2,15.2,14,14,11.5,11.5,11.5,10.8,12.7,18,18,18
Zambia,female,Proportion of women in ministerial level positions (%),NaN,NaN,NaN,NaN,NaN,NaN,NaN,NaN,25,NaN,NaN,16.7,NaN,16.7,NaN,11.8,NaN,15,20,33.3,NaN,NaN
Zimbabwe,female,Proportion of seats held by women in national parliaments (%),14.7,14.7,14,9.3,10,10,10,10,16,16.7,16,15.2,15,15,15,15,31.5,31.5,31.5,31.5,32.6,31.5
Zimbabwe,female,Proportion of women in ministerial level positions (%),NaN,NaN,NaN,NaN,NaN,NaN,NaN,NaN,14.7,NaN,NaN,16.3,NaN,18.6,NaN,13.5,NaN,11.1,11.5,16.1,NaN,NaN
